url,titre,nb_images,dossier
https://rentluxecar.com/auto/abarth-124-spider-1,Rent Abarth 124 Spider in Europe,5,abarth-124-spider-1
https://rentluxecar.com/auto/abarth-695-convertible,Rent Abarth 595 Cabrio in Europe,5,abarth-695-convertible
https://rentluxecar.com/auto/aston-martin-db12-1,Rent Aston Martin DB12 in Europe,5,aston-martin-db12-1
https://rentluxecar.com/auto/aston-martin-db9-1,Rent Aston Martin DB9 in Europe,5,aston-martin-db9-1
https://rentluxecar.com/auto/aston-martin-dbs-1,Rent Aston Martin DBS in Europe,5,aston-martin-dbs-1
https://rentluxecar.com/auto/aston-martin-dbx-1,Rent Aston Martin DBX  in Europe,5,aston-martin-dbx-1
https://rentluxecar.com/auto/audi-a5-cabrio-1,Rent Audi A5 Cabrio in Europe,6,audi-a5-cabrio-1
https://rentluxecar.com/auto/audi-a6-3,Rent Audi A6 in Europe,5,audi-a6-3
https://rentluxecar.com/auto/audi-a7-1,Rent Audi A7 in Europe,3,audi-a7-1
https://rentluxecar.com/auto/audi-a8-1,Rent Audi A8 in Europe,3,audi-a8-1
https://rentluxecar.com/auto/audi-e-tron-gt-1,Rent Audi e-tron GT in Europe,3,audi-e-tron-gt-1
https://rentluxecar.com/auto/audi-q5-1,Rent Audi Q5 in Europe,4,audi-q5-1
https://rentluxecar.com/auto/audi-q6-e-tron-1,Rent Audi Q6 e-tron in Europe,5,audi-q6-e-tron-1
https://rentluxecar.com/auto/audi-q7-2,Rent Audi Q7 in Europe,4,audi-q7-2
https://rentluxecar.com/auto/audi-q8-2,Rent Audi Q8 in Europe,5,audi-q8-2
https://rentluxecar.com/auto/audi-r8-1,Rent Audi R8 in Europe,5,audi-r8-1
https://rentluxecar.com/auto/audi-rs-q3-1,Rent Audi RS Q3 in Europe,5,audi-rs-q3-1
https://rentluxecar.com/auto/audi-rs-q8-1,Rent Audi RS Q8 in Europe,6,audi-rs-q8-1
https://rentluxecar.com/auto/audi-rs3-1,Rent Audi RS3 in Europe,3,audi-rs3-1
https://rentluxecar.com/auto/audi-rs3-abt-1,Rent Audi RS3 ABT in Europe,5,audi-rs3-abt-1
https://rentluxecar.com/auto/audi-rs5-1,Rent Audi RS5 in Europe,5,audi-rs5-1
https://rentluxecar.com/auto/audi-rs6-performance-1,Rent Audi RS6 Performance in Europe,5,audi-rs6-performance-1
https://rentluxecar.com/auto/audi-rs7-1,Rent Audi RS7 in Europe,4,audi-rs7-1
https://rentluxecar.com/auto/bentley-bentayga-2,Rent Bentley Bentayga in Europe,5,bentley-bentayga-2
https://rentluxecar.com/auto/bentley-continental-gt-speed-1,Rent Bentley Continental GT Speed in Europe,5,bentley-continental-gt-speed-1
https://rentluxecar.com/auto/bentley-flying-spur-1,Rent Bentley Flying Spur in Europe,10,bentley-flying-spur-1
https://rentluxecar.com/auto/bentley-gtc-2,Rent Bentley GTC in Europe,5,bentley-gtc-2
https://rentluxecar.com/auto/bmw-4-cabrio-4,Rent BMW 4 Cabrio in Europe,8,bmw-4-cabrio-4
https://rentluxecar.com/auto/bmw-6,Rent BMW 5 in Europe,4,bmw-6
https://rentluxecar.com/auto/bmw-740-xd-2,Rent BMW 740 XD in Europe,7,bmw-740-xd-2
https://rentluxecar.com/auto/bmw-i7-1,Rent BMW i7 in Europe,5,bmw-i7-1
https://rentluxecar.com/auto/bmw-i8-2,Rent BMW i8 in Europe,3,bmw-i8-2
https://rentluxecar.com/auto/bmw-i8-cabrio-1,Rent BMW i8 Cabrio in Europe,5,bmw-i8-cabrio-1
https://rentluxecar.com/auto/bmw-ix-m60-1,Rent BMW iX M60 in Europe,4,bmw-ix-m60-1
https://rentluxecar.com/auto/bmw-m4-convertible,Rent BMW M4 Cabrio in Europe,5,bmw-m4-convertible
https://rentluxecar.com/auto/bmw-m8-cabrio-1,Rent BMW M8 Cabrio in Europe,4,bmw-m8-cabrio-1
https://rentluxecar.com/auto/bmw-x4-m-1,Rent BMW X4 M in Europe,5,bmw-x4-m-1
https://rentluxecar.com/auto/bmw-x5-2,Rent BMW X5 in Europe,5,bmw-x5-2
https://rentluxecar.com/auto/bmw-x6-1,Rent BMW X6 in Europe,4,bmw-x6-1
https://rentluxecar.com/auto/bmw-x7-1,Rent BMW X7 in Europe,5,bmw-x7-1
https://rentluxecar.com/auto/bmw-xm-1,Rent BMW XM in Europe,6,bmw-xm-1
https://rentluxecar.com/auto/bugatti-chiron-1,Rent Bugatti Chiron in Europe,4,bugatti-chiron-1
https://rentluxecar.com/auto/bugatti-veyron-3,Rent Bugatti Veyron in Europe,3,bugatti-veyron-3
https://rentluxecar.com/auto/carrera-4s-coupe-1,Rent Porsche 911 Carrera 4S Coupé in Europe,3,carrera-4s-coupe-1
https://rentluxecar.com/auto/carrera-s-cabrio-1,Rent Porsche 911 Carrera S Cabrio in Europe,6,carrera-s-cabrio-1
https://rentluxecar.com/auto/carrera-turbo-cabrio-1,Rent Porsche 911 Carrera Turbo Cabrio in Europe,5,carrera-turbo-cabrio-1
https://rentluxecar.com/auto/cupra-formentor-vz5-1,Rent Cupra Formentor VZ5 in Europe,5,cupra-formentor-vz5-1
https://rentluxecar.com/auto/ferrari-296-gtb-2,Rent Ferrari 296 GTB in Europe,4,ferrari-296-gtb-2
https://rentluxecar.com/auto/ferrari-296-gts-1,Rent Ferrari 296 GTS in Europe,4,ferrari-296-gts-1
https://rentluxecar.com/auto/ferrari-4-8-8-gtb-1,Rent Ferrari 488 Spider in Europe,6,ferrari-4-8-8-gtb-1
https://rentluxecar.com/auto/ferrari-812-gts-4,Rent Ferrari 812 GTS in Europe,5,ferrari-812-gts-4
https://rentluxecar.com/auto/ferrari-812-superfast-1,Rent Ferrari 812 Superfast in Europe,4,ferrari-812-superfast-1
https://rentluxecar.com/auto/ferrari-f8-spider-4,Rent Ferrari F8 Spider in Europe,4,ferrari-f8-spider-4
https://rentluxecar.com/auto/ferrari-f8-tributo-3,Rent Ferrari F8 Tributo in Europe,6,ferrari-f8-tributo-3
https://rentluxecar.com/auto/ferrari-gt4-lusso-1,Rent Ferrari GTC4 Lusso in Europe,5,ferrari-gt4-lusso-1
https://rentluxecar.com/auto/ferrari-laferrari-1,Rent Ferrari LaFerrari in Europe,4,ferrari-laferrari-1
https://rentluxecar.com/auto/ferrari-portofino-1,Rent Ferrari Portofino in Europe,6,ferrari-portofino-1
https://rentluxecar.com/auto/ferrari-purosangue-1,Rent Ferrari Purosangue in Europe,7,ferrari-purosangue-1
https://rentluxecar.com/auto/ferrari-roma-1,Rent Ferrari Roma in Europe,4,ferrari-roma-1
https://rentluxecar.com/auto/ferrari-roma-spider-1,Rent Ferrari Roma Spider in Europe,4,ferrari-roma-spider-1
https://rentluxecar.com/auto/ferrari-sf90-spider-1,Rent Ferrari SF90 Spider in Europe,4,ferrari-sf90-spider-1
https://rentluxecar.com/auto/ferrari-sf90-stradale-1,Rent Ferrari SF90 Stradale in Europe,5,ferrari-sf90-stradale-1
https://rentluxecar.com/auto/ford-mustang-4,Rent Ford Mustang in Europe,3,ford-mustang-4
https://rentluxecar.com/auto/gmc-hummer-ev-1,Rent GMC Hummer EV in Europe,6,gmc-hummer-ev-1
https://rentluxecar.com/auto/infiniti-qx70-1,Rent Infiniti QX70 in Europe,3,infiniti-qx70-1
https://rentluxecar.com/auto/jaguar-f-pace-1,Rent Jaguar F-Pace in Europe,5,jaguar-f-pace-1
https://rentluxecar.com/auto/jaguar-f-type-cabrio-1,Rent Jaguar F-Type Cabrio in Europe,5,jaguar-f-type-cabrio-1
https://rentluxecar.com/auto/jaguar-f-type-cabrio-r,Rent Jaguar F-Type Cabrio R in Europe,4,jaguar-f-type-cabrio-r
https://rentluxecar.com/auto/jeep-wrangler-hybrid-rubicon-1,Rent Jeep Wrangler Hybrid Rubicon in Europe,4,jeep-wrangler-hybrid-rubicon-1
https://rentluxecar.com/auto/lamborghini-aventador-2,Rent Lamborghini Aventador in Europe,5,lamborghini-aventador-2
https://rentluxecar.com/auto/lamborghini-aventador-convertible,Rent Lamborghini Aventador Spyder in Europe,5,lamborghini-aventador-convertible
https://rentluxecar.com/auto/lamborghini-aventador-svj-coupe-1,Rent Lamborghini Aventador SVJ Coupe  in Europe,4,lamborghini-aventador-svj-coupe-1
https://rentluxecar.com/auto/lamborghini-aventador-svj-roadster-1,Rent Lamborghini Aventador SVJ Roadster in Europe,5,lamborghini-aventador-svj-roadster-1
https://rentluxecar.com/auto/lamborghini-huracan-coupe-1,Rent Lamborghini Huracan Coupe in Europe,4,lamborghini-huracan-coupe-1
https://rentluxecar.com/auto/lamborghini-huracan-evo-4,Rent Lamborghini Huracan EVO in Europe,6,lamborghini-huracan-evo-4
https://rentluxecar.com/auto/lamborghini-huracan-evo-spyder-4,Rent Lamborghini Huracan EVO Spyder in Europe,5,lamborghini-huracan-evo-spyder-4
https://rentluxecar.com/auto/lamborghini-huracan-performante,Rent Lamborghini Huracan Performante in Europe,5,lamborghini-huracan-performante
https://rentluxecar.com/auto/lamborghini-huracan-spider,Rent Lamborghini Huracan Spyder in Europe,5,lamborghini-huracan-spider
https://rentluxecar.com/auto/lamborghini-huracan-sto-2,Rent Lamborghini Huracan STO in Europe,5,lamborghini-huracan-sto-2
https://rentluxecar.com/auto/lamborghini-huracan-tecnica-1,Rent Lamborghini Huracan Tecnica in Europe,4,lamborghini-huracan-tecnica-1
https://rentluxecar.com/auto/lamborghini-revuelto-1,Rent Lamborghini Revuelto in Europe,5,lamborghini-revuelto-1
https://rentluxecar.com/auto/lamborghini-roadster-2,Rent Lamborghini Aventador Roadster S in Europe,9,lamborghini-roadster-2
https://rentluxecar.com/auto/lamborghini-urus-1,Rent Lamborghini Urus in Europe,5,lamborghini-urus-1
https://rentluxecar.com/auto/lamborghini-urus-s-1,Rent Lamborghini Urus S in Europe,4,lamborghini-urus-s-1
https://rentluxecar.com/auto/land-rover-defender-1,Rent Land Rover Defender in Europe,5,land-rover-defender-1
https://rentluxecar.com/auto/land-rover-discovery-sport-1,Rent Land Rover Discovery Sport in Europe,3,land-rover-discovery-sport-1
https://rentluxecar.com/auto/maserati-ghibli-1,Rent Maserati Ghibli in Europe,3,maserati-ghibli-1
https://rentluxecar.com/auto/maserati-grancabrio,Rent Maserati GranCabrio in Europe,6,maserati-grancabrio
https://rentluxecar.com/auto/maserati-grecale-1,Rent Maserati Grecale in Europe,3,maserati-grecale-1
https://rentluxecar.com/auto/maserati-levante-2,Rent Maserati Levante in Europe,6,maserati-levante-2
https://rentluxecar.com/auto/maserati-mc20-1,Rent Maserati MC20 in Europe,4,maserati-mc20-1
https://rentluxecar.com/auto/maserati-mc20-cielo-1,Rent Maserati MC20 Cielo in Europe,6,maserati-mc20-cielo-1
https://rentluxecar.com/auto/maserati-quattroporte-1,Rent Maserati Quattroporte in Europe,5,maserati-quattroporte-1
https://rentluxecar.com/auto/mclaren-650s-2,Rent McLaren 650S in Europe,4,mclaren-650s-2
https://rentluxecar.com/auto/mclaren-720s-spider-1,Rent McLaren 720S Spider in Europe,5,mclaren-720s-spider-1
https://rentluxecar.com/auto/mclaren-750s-1,Rent McLaren 750S in Europe,4,mclaren-750s-1
https://rentluxecar.com/auto/mclaren-765-lt-2,Rent McLaren 765 LT in Europe,4,mclaren-765-lt-2
https://rentluxecar.com/auto/mercedes-amg-gt-4-doors-coupe-1,Rent Mercedes AMG GT 4 Doors Coupe in Europe,3,mercedes-amg-gt-4-doors-coupe-1
https://rentluxecar.com/auto/mercedes-amg-gt-coupe,Rent Mercedes AMG GT Coupe in Europe,5,mercedes-amg-gt-coupe
https://rentluxecar.com/auto/mercedes-amg-gt-roadster,Rent Mercedes AMG GT Roadster  in Europe,6,mercedes-amg-gt-roadster
https://rentluxecar.com/auto/mercedes-c63-cabrio-1,Rent Mercedes C63 Cabrio AMG in Europe,4,mercedes-c63-cabrio-1
https://rentluxecar.com/auto/mercedes-class-c-cabrio-1,Rent Mercedes Class C Cabrio in Europe,5,mercedes-class-c-cabrio-1
https://rentluxecar.com/auto/mercedes-cle-cabrio-1,Rent Mercedes CLE Cabrio in Europe,4,mercedes-cle-cabrio-1
https://rentluxecar.com/auto/mercedes-e-cabrio-1,Rent Mercedes E Cabrio in Europe,4,mercedes-e-cabrio-1
https://rentluxecar.com/auto/mercedes-e-class,Rent Mercedes E Class  in Europe,4,mercedes-e-class
https://rentluxecar.com/auto/mercedes-eqs-1,Rent Mercedes EQS in Europe,4,mercedes-eqs-1
https://rentluxecar.com/auto/mercedes-eqv-1,Rent Mercedes EQV in Europe,4,mercedes-eqv-1
https://rentluxecar.com/auto/mercedes-g350-1,Rent Mercedes G350 in Europe,5,mercedes-g350-1
https://rentluxecar.com/auto/mercedes-g500-4x4,Rent Mercedes G500 4x4 in Europe,7,mercedes-g500-4x4
https://rentluxecar.com/auto/mercedes-g63-amg-1,Rent Mercedes G63 AMG in Europe,4,mercedes-g63-amg-1
https://rentluxecar.com/auto/mercedes-glc-1,Rent Mercedes GLC in Europe,5,mercedes-glc-1
https://rentluxecar.com/auto/mercedes-glc-coupe-1,Rent Mercedes GLC Coupe in Europe,5,mercedes-glc-coupe-1
https://rentluxecar.com/auto/mercedes-gle-amg-1,Rent Mercedes GLE AMG in Europe,5,mercedes-gle-amg-1
https://rentluxecar.com/auto/mercedes-gle-coupe-1,Rent Mercedes GLE Coupe in Europe,6,mercedes-gle-coupe-1
https://rentluxecar.com/auto/mercedes-gls-3,Rent Mercedes GLS in Europe,6,mercedes-gls-3
https://rentluxecar.com/auto/mercedes-gt-s-2,Rent Mercedes GT S AMG in Europe,6,mercedes-gt-s-2
https://rentluxecar.com/auto/mercedes-maybach-gls-1,Rent Mercedes-Maybach GLS  in Europe,8,mercedes-maybach-gls-1
https://rentluxecar.com/auto/mercedes-s-class-maybach-1,Rent Mercedes S Class Maybach in Europe,4,mercedes-s-class-maybach-1
https://rentluxecar.com/auto/mercedes-s-class-w223-1,Rent Mercedes S Class W223 in Europe,8,mercedes-s-class-w223-1
https://rentluxecar.com/auto/mercedes-s-w222-armored-2,Rent Mercedes S W222 Armored in Europe,8,mercedes-s-w222-armored-2
https://rentluxecar.com/auto/mercedes-s350-long-1,Rent Mercedes Class S 350 Long in Europe,6,mercedes-s350-long-1
https://rentluxecar.com/auto/mercedes-s500-convertible,Rent Mercedes S500 Cabrio in Europe,3,mercedes-s500-convertible
https://rentluxecar.com/auto/mercedes-s63-amg-coupe-1,Rent Mercedes S63 AMG Coupe in Europe,6,mercedes-s63-amg-coupe-1
https://rentluxecar.com/auto/mercedes-s63-convertible,Rent Mercedes S63 Cabrio in Europe,5,mercedes-s63-convertible
https://rentluxecar.com/auto/mercedes-sl63-amg,Rent Mercedes SL63 AMG in Europe,7,mercedes-sl63-amg
https://rentluxecar.com/auto/mercedes-sl63-cabrio-1,Rent Mercedes SL63 Cabrio in Europe,4,mercedes-sl63-cabrio-1
https://rentluxecar.com/auto/mercedes-sls-1,Rent Mercedes SLS in Europe,5,mercedes-sls-1
https://rentluxecar.com/auto/mercedes-v-class-1,Rent Mercedes V Class in Europe,8,mercedes-v-class-1
https://rentluxecar.com/auto/mercedes-v-class-amg,Rent Mercedes V Class AMG in Europe,5,mercedes-v-class-amg
https://rentluxecar.com/auto/mercedes-v300-amg-4matic-1,Rent Mercedes V300 AMG 4matic in Europe,8,mercedes-v300-amg-4matic-1
https://rentluxecar.com/auto/mercedes-vito-2,Rent Mercedes Vito in Europe,2,mercedes-vito-2
https://rentluxecar.com/auto/mini-cooper-cabrio-jcw-1,Rent Mini Cooper Cabrio JCW in Europe,4,mini-cooper-cabrio-jcw-1
https://rentluxecar.com/auto/nissan-gt-r-2,Rent Nissan GT-R in Europe,4,nissan-gt-r-2
https://rentluxecar.com/auto/porsche-718-boxter-1,Rent Porsche 718 Boxter in Europe,4,porsche-718-boxter-1
https://rentluxecar.com/auto/porsche-992-cabrio-2,Rent Porsche 992 Cabrio in Europe,6,porsche-992-cabrio-2
https://rentluxecar.com/auto/porsche-992-gt3-1,Rent Porsche 992 GT3 in Europe,6,porsche-992-gt3-1
https://rentluxecar.com/auto/porsche-carrera-911s,Rent Porsche 911 S Cabrio in Europe,5,porsche-carrera-911s
https://rentluxecar.com/auto/porsche-cayenne-4,Rent Porsche Cayenne in Europe,4,porsche-cayenne-4
https://rentluxecar.com/auto/porsche-macan-s-1,Rent Porsche Macan S in Europe,3,porsche-macan-s-1
https://rentluxecar.com/auto/porsche-panamera-turbo-s-2,Rent Porsche Panamera Turbo S in Europe,4,porsche-panamera-turbo-s-2
https://rentluxecar.com/auto/porsche-taycan-4,Rent Porsche Taycan in Europe,7,porsche-taycan-4
https://rentluxecar.com/auto/range-rover-autobiography,Rent Range Rover Vogue Autobiography in Europe,4,range-rover-autobiography
https://rentluxecar.com/auto/range-rover-evoque-2,Rent Range Rover Evoque in Europe,3,range-rover-evoque-2
https://rentluxecar.com/auto/range-rover-evoque-cabrio-4,Rent Range Rover Evoque Cabrio in Europe,5,range-rover-evoque-cabrio-4
https://rentluxecar.com/auto/range-rover-sport-2,Rent Range Rover Sport in Europe,4,range-rover-sport-2
https://rentluxecar.com/auto/range-rover-sport-svr-2,Rent Range Rover Sport SVR in Europe,5,range-rover-sport-svr-2
https://rentluxecar.com/auto/range-rover-velar-2,Rent Range Rover Velar in Europe,4,range-rover-velar-2
https://rentluxecar.com/auto/range-rover-vogue-supercharged-1,Rent Range Rover Vogue Supercharged  in Europe,7,range-rover-vogue-supercharged-1
https://rentluxecar.com/auto/rolls-royce-cullinan-1,Rent Rolls-Royce Cullinan in Europe,5,rolls-royce-cullinan-1
https://rentluxecar.com/auto/rolls-royce-dawn-1,Rent Rolls-Royce Dawn in Europe,6,rolls-royce-dawn-1
https://rentluxecar.com/auto/rolls-royce-drophead,Rent Rolls-Royce Drophead in Europe,5,rolls-royce-drophead
https://rentluxecar.com/auto/rolls-royce-ghost,Rent Rolls-Royce Ghost Long in Europe,5,rolls-royce-ghost
https://rentluxecar.com/auto/rolls-royce-phantom-1,Rent Rolls-Royce Phantom in Europe,4,rolls-royce-phantom-1
https://rentluxecar.com/auto/rolls-royce-spectre-1,Rent Rolls-Royce Spectre in Europe,6,rolls-royce-spectre-1
https://rentluxecar.com/auto/tesla-model-3-performance-1,Rent Tesla Model 3 Performance in Europe,5,tesla-model-3-performance-1
https://rentluxecar.com/auto/tesla-model-4,Rent Tesla Model 3 in Europe,5,tesla-model-4
https://rentluxecar.com/auto/tesla-model-s-1,Rent Tesla Model S  in Europe,6,tesla-model-s-1
https://rentluxecar.com/auto/tesla-model-s-p100dl-1,Rent Tesla Model S P100DL in Europe,4,tesla-model-s-p100dl-1
https://rentluxecar.com/auto/tesla-model-x-90d-1,Rent Tesla Model X 90D in Europe,6,tesla-model-x-90d-1
https://rentluxecar.com/auto/tesla-model-x-plaid-1,Rent Tesla Model X Plaid in Europe,4,tesla-model-x-plaid-1
https://rentluxecar.com/auto/tesla-model-y-2,Rent Tesla Model Y in Europe,8,tesla-model-y-2
https://rentluxecar.com/auto/tesla-model-y-performance-1,Rent Tesla Model Y Performance in Europe,3,tesla-model-y-performance-1
https://rentluxecar.com/auto/volvo-xc90-1,Rent Volvo XC90 in Europe,5,volvo-xc90-1
